{"license":"","file_hash":null,"name":"WillowDesign","version":"0.0.1","description":"Series of custom nodes created for speeding up processes, incresing efficiency and enhance productivity at Willow","group":"","keywords":["willow","design"],"dependencies":[],"contents":"RCP.ByRoom - Creates a Reflected Ceiling Plan from the room's geometry","engine_version":"2.0.1.5065","engine":"dynamo","engine_metadata":"","site_url":"https://www.willowinc.com/","repository_url":"","contains_binaries":false,"node_libraries":[]}