{"license":"","file_hash":null,"name":"Data-Shapes","version":"2019.2.12","description":"Developped for Revit 2017 + and Dynamo 2.x  -- Collection of nodes that aims to enhance the interaction with revit and  UI creation for dynamo scripts . Check out www.data-shapes.io for more informations about the nodes, tutorials and workflows! ","group":"","keywords":["ui","shared","parameters","bim","management","revit","api","architecture"],"dependencies":[],"contents":"ActiveDocument.FileSize - Gets the file size of the ative document, even if it is a BIM360 Design workshared project., Add Shared Parameter(s) from txt - Add shared parameters to project from SharedParameter .txt file, All Elements In View(s) - Retrieves all visible element in a view or a set of views, All Elements Of Categories in View - Retrieves all elements of the given categories in the given view, All Lines of LineStyle - Gets all lines in a project with a giver LineStyle, Categorie(s) by ENU Name(s) - Gets categorie(s) in the current UI language by it's english name, Categories list - Gives list of all Revit categories and a matching list of their names, Document.LengthDisplayUnit - Returns diplay units for lengths in current document., Duplicate Element - Duplicates all types of elements including view templates, Element(s) cut - Cutting element(s) with element, Excel.Worksheets - Gets worksheet names from specified Excel workbook., Export to FBX - Exports 3D views to FBX format, Export Views to NavisWorks - exports 3d views to NavisWorks, Filter.IsApplied - Returns a boolean values indicating wether a ParameterFilterElement is applied to any view in the project or not. , Geometry.PruneDuplicates - Removes all duplicate geometries from list., Get All Linked Docs infos - Get all linked documents names and paths, GetLinkedElement.InHostView - Gets linked elements in host view(s)., GetLinkedElement.InHostViewAndCategory - Gets linked elements in host view, filtered by category., Grid.SetVerticalExtents - Set the vertical extents of all project grids, ImportInstance.IsLinked - Returns boolean info indicating wether an ImportInstance is linked or not (meaning it's imported)., Line LineStyle - Gives LineStyle name and element of Lines, ModificationTracker.AllChanges - Takes ExistingElements Data as input and outputs lists with all geometry/parameter values change combinations . Check out www.Data-Shapes.net for more informations ., ModificationTracker.GeometryChanges - Takes ExistingElements Data as input and outputs elements with same geometry and elements with changed geometry . Check out www.Data-Shapes.net for more infos, ModificationTracker.ModelComparison - Compares elements from documents A and B (A is the current document by default) and returns existing elements data, new elements, deleted elements and a report. Check out www.Data-Shapes.net for more infos. , ModificationTracker.ParameterChanges - takes ExistingElements Data as input and outputs elements with same parameter values and elements with changed parameter values. Check out www.Data-Shapes.net for more infos., ParameterGroup list - List of all parameter groups, PerformanceAdviserRule Elements - Gets all elements relative to a performance adviser rule. , PerspectiveView.ByEyePositionTarget - Create perspective view , RayBounce On Link Category - Same functionality as raybounce but takes linked model elements into account, RayBounce On Linked Model - Same functionality as raybounce but takes linked model elements into account, Replace viewports by center - Replaces vieports on sheets according to list of points. (0,0) is bottom left of sheets, Room Status - Sorts a list of room into three categories: unplaced, PlacedAndBounded and  unbounded, Room.Height - Returns room height., Select Face (s) (PickObject) - Same as OOTB Select Faces, but can be used through Dynamo Player, Select Model Elements of Category - Allows to perform a manual selection with a category filter., Set Active Family Parameter By Name - Set a parameter inside an active family document, SharedParameters from txt file - Gets parameters from SharedParameter .txt file, SlabShape.AddPoints - Add points to slab shape, SlabShape.AddSplitLine - Adds split lines to Revit Floors, Transform.OriginAndVectors - Gets origin and vetorx of Autodesk.Revit.DB.Transform objects, UI.Boolean input - Creates a boolean input for UI.MultipleInputForm ++ . Check out www.data-shapes.net for more infos!, UI.ColorInput Data - Create a color selection input for UI.MultiInputForm++ . Check out www.data-shapes.net for more infos! Warning : Only works with Revit 2017, UI.ConditionalInput Data - Allows to create inputs that are enabled/disabled by a condition dor UI.MultipleInputForm++. , UI.DataTable input - Create a DataTable view input for UI.MultipleInputForm ++, UI.DirectoryPath Data - Creates a DirectoryPath input for UI.MultipleInputForm ++ . Check out www.data-shapes.net for more infos!, UI.DropDown Data - Create data for DropDown input in UI.MultiInputForm ++ . Check out www.data-shapes.net for more infos., UI.FilePath Data - Create filepath input for UI.MultipleInputForm ++ . Check out www.data-shapes.net for more infos !, UI.Image Data - Places an image on UI.MultipleInutForm ++ ., UI.InputGroup Data - Creates a group of inputs for UI.MultipleInputForm ++ . Check out www.data-shapes.net for more infos !, UI.Listview Data - Create data for ListView input in UI.MultiInputForm ++ . Check out www.data-shapes.net for more infos., UI.MultiLineTextBox Data - Creates a multi line textbox input for UI.MultipleInputForm ++, UI.MultipleInputForm ++ - Create a form with multiple inputs. \r\nsee www.data-shapes.net for tutorials and infos!, UI.MultipleInputForm - Create a form with multiple inputs. InputType codification:\r\n-strings : \"s\"\r\n-booleans : \"bool\"\r\n-filepaths : \"fp\" \r\n-directorypath : \"dp\"\r\n-revit element section : \"se\"\r\n-revit face selection : \"sf\"\r\n-revit edge selection : \"sed\"\r\n-dropdown lists : UI.DropDown Data node\r\n-listview : UI.ListView Data node\r\nsee www.data-shapes.net for more infos, UI.RadioButtons Data - Create radio buttons input for UI.MultipleInputForm ++ . , UI.SelectEdges Data - Creates a Revit edge selection input for UI.MultipleInputForm++ . Check out www.data-shapes.net for more infos! , UI.SelectFaces Data - Creates a Revit face selection input for UI.MultipleInputForm++. Check out www.data-shapes.net for more infos!, UI.SelectLinkedElement(s) Data - Create a button input for UI.MultipleInputForm++ that allows to select elements in à linked document. See www.data-shapes.net for more infos!, UI.SelectModelElements Data (ordered) - Creates a Revit element selection input for UI.MultipleInputForm++ . Check out www.data-shapes.net for more infos!, UI.SelectModelElements Data - Creates a Revit element selection input for UI.MultipleInputForm++ . Check out www.data-shapes.net for more infos!, UI.SelectPointsOnFace data - Creates a UI.MultipleInputForm++ input that allows point on face selection , UI.Slider - Creates slider input for UI.MultipleInputForm ++ . Set the step to decimal value if you want a double slider, or to a integer value if you want an integer slider. , UI.TextBox Data - Create Data for TextBox input in UI.MultipleInputForm ++ . Check out www.data-shapes.net for more informations, UI.TextNote Data - Create Data for TextNote input in UI.MultipleInputForm ++ . Check out www.data-shapes.net for more informations, UI.TreeView input - Create a TreeView input for UI.MultipleInputForm ++ . Check out www.data-shapes.net for more infos and tips!, ViewSection.ByLine - Create ViewSections in current document from DS Lines. , ViewTemplate.IsApplied - Returns a boolean value indicating wether a ViewTemplate is applied to any view in the project or not. This won't work for 3D templates. , WallSweepOnWall - Creates a wallsweep or reveal on a wall","engine_version":"2.0.2.6833","engine":"dynamo","engine_metadata":"","site_url":"www.data-shapes.io","repository_url":"https://github.com/MostafaElAyoubi/Data-shapes","contains_binaries":true,"node_libraries":["DataShapesUI, Version=1.0.0.0, Culture=neutral, PublicKeyToken=null","DataShapesZT, Version=1.0.0.0, Culture=neutral, PublicKeyToken=null","Package.customization, Version=0.0.0.0, Culture=neutral, PublicKeyToken=null"]}