{"license":"","file_hash":null,"name":"Rhythm","version":"2018.12.4","description":"Built against Dynamo 1.3.3/2.0.x and Revit 2017+. Rhythm is a set of useful nodes to help your Revit project maintain a good rhythm with Dynamo. Rhythm is authored by John Pierson (@60secondrevit) of Parallax Team (http://www.parallaxteam.com/) and sixtysecondrevit.com. ","group":"Breaking CAD","keywords":["text","override","list","remove","documentation","workset","select","dimension","curtainwall","open","document","copy","unopened","background"],"dependencies":[],"contents":"All Upper - This converts the ase of selected items to UPPER. Inputs require booleans to enable for category., Arrowhead Assigner - This node assings the arrowhead type for all text and keynote tags. There is an input for ones you want to exclude., Collector.ModelGroupByName - This will collect all instances of a model group by given name., Collector.OfExteriorWalls - This node will collect all exterior (function) walls., Collector.OfInteriorWalls - This node collects interior (function) walls,, Collector.OfLegendViews - This node will collect all legend views in the project., Collector.OfStructuralWalls - This will collect only structural walls., Collector.PlacedRooms - This will collect placed rooms in current file., Isolated Pick Model Elements(ordered) - Pick model elements in desired order of a desired category., Isolated Pick Model Elements - This allows a multiple selection of elements of specified category., Rhythm.3DRoomTags - This node will generate 3D room tags for all rooms in the model. (RFA in extra folder in Dynamo download), Rhythm.RenumberRoomsByCurve - Complete revamp of the previous proposed workflows that break on rooms whose solids were irregular., Rhythm.WhatTheNode - This node will let you search dynamonodes.com for the most likely package a node is from. Helps fix \"red\" nodes when users do not have package installed., UI.ColorPicker - This node allows the user to choose a color via the Revit API color selection dialog. For Revit 2017 +","engine_version":"2.0.2.6833","engine":"dynamo","engine_metadata":"","site_url":"sixtysecondrevit.com","repository_url":"https://github.com/sixtysecondrevit/RhythmForDynamo","contains_binaries":true,"node_libraries":["Rhythm, Version=2018.3.15.0, Culture=neutral, PublicKeyToken=null","RhythmUI, Version=2018.3.15.0, Culture=neutral, PublicKeyToken=null"]}